# D40 · base under load 23-36: frames of one resize (tsv: label, rep, loadavg, case, frames, max rows, screen rows, taller, heights, widths, wider, diffvsfinal). Runs missing from the tsv are the ones the instrument itself refused: a frame drawn at an intermediate size the device passed through.
# commit bdeb5b5d (origin/main-v1 cd2a420b + the screen-model change); 2026-10-01; Linux 7.0.0, 16 cores; sandbox HOME
base	0	32.95	shrink-both 120x55->80x42	frames=2	max=42	screen=42	taller=0	heights=42,42	widths=80,80	wider=0	diffvsfinal=0,0
base	1	33.04	shrink-both 120x55->80x42	frames=2	max=42	screen=42	taller=0	heights=42,42	widths=80,80	wider=0	diffvsfinal=0,0
base	2	33.60	shrink-both 120x55->80x42	frames=2	max=42	screen=42	taller=0	heights=42,42	widths=80,80	wider=0	diffvsfinal=0,0
base	3	33.60	shrink-both 120x55->80x42	frames=2	max=42	screen=42	taller=0	heights=42,42	widths=80,80	wider=0	diffvsfinal=0,0
base	4	34.19	shrink-both 120x55->80x42	frames=2	max=42	screen=42	taller=0	heights=42,42	widths=80,80	wider=0	diffvsfinal=0,0
base	5	34.19	shrink-both 120x55->80x42	frames=2	max=42	screen=42	taller=0	heights=42,42	widths=80,80	wider=0	diffvsfinal=0,0
base	6	34.49	shrink-both 120x55->80x42	frames=2	max=42	screen=42	taller=0	heights=42,42	widths=80,80	wider=0	diffvsfinal=0,0
base	7	34.21	shrink-both 120x55->80x42	frames=2	max=42	screen=42	taller=0	heights=42,42	widths=80,80	wider=0	diffvsfinal=0,0
base	9	34.61	shrink-both 120x55->80x42	frames=2	max=42	screen=42	taller=0	heights=42,42	widths=80,80	wider=0	diffvsfinal=0,0
base	10	34.61	shrink-both 120x55->80x42	frames=2	max=42	screen=42	taller=0	heights=42,42	widths=80,80	wider=0	diffvsfinal=0,0
base	12	34.86	shrink-both 120x55->80x42	frames=2	max=42	screen=42	taller=0	heights=42,42	widths=80,80	wider=0	diffvsfinal=0,0
base	13	35.11	shrink-both 120x55->80x42	frames=2	max=42	screen=42	taller=0	heights=42,42	widths=80,80	wider=0	diffvsfinal=0,0
base	14	35.11	shrink-both 120x55->80x42	frames=2	max=42	screen=42	taller=0	heights=42,42	widths=80,80	wider=0	diffvsfinal=0,0
base	0	35.10	shrink-width 120x55->80x55	frames=2	max=55	screen=55	taller=0	heights=55,55	widths=80,80	wider=0	diffvsfinal=0,0
base	1	35.49	shrink-width 120x55->80x55	frames=1	max=55	screen=55	taller=0	heights=55	widths=80	wider=0	diffvsfinal=0
base	2	35.21	shrink-width 120x55->80x55	frames=1	max=55	screen=55	taller=0	heights=55	widths=80	wider=0	diffvsfinal=0
base	3	35.21	shrink-width 120x55->80x55	frames=2	max=55	screen=55	taller=0	heights=55,55	widths=80,80	wider=0	diffvsfinal=0,0
base	4	34.79	shrink-width 120x55->80x55	frames=2	max=55	screen=55	taller=0	heights=55,55	widths=80,80	wider=0	diffvsfinal=0,0
base	5	34.79	shrink-width 120x55->80x55	frames=2	max=55	screen=55	taller=0	heights=55,55	widths=80,80	wider=0	diffvsfinal=0,0
base	6	34.65	shrink-width 120x55->80x55	frames=2	max=55	screen=55	taller=0	heights=55,55	widths=80,80	wider=0	diffvsfinal=0,0
base	7	35.00	shrink-width 120x55->80x55	frames=1	max=55	screen=55	taller=0	heights=55	widths=80	wider=0	diffvsfinal=0
base	8	34.76	shrink-width 120x55->80x55	frames=1	max=55	screen=55	taller=0	heights=55	widths=80	wider=0	diffvsfinal=0
base	9	34.76	shrink-width 120x55->80x55	frames=2	max=55	screen=55	taller=0	heights=55,55	widths=80,80	wider=0	diffvsfinal=0,0
base	10	34.22	shrink-width 120x55->80x55	frames=2	max=55	screen=55	taller=0	heights=55,55	widths=80,80	wider=0	diffvsfinal=0,0
base	11	34.22	shrink-width 120x55->80x55	frames=2	max=55	screen=55	taller=0	heights=55,55	widths=80,80	wider=0	diffvsfinal=0,0
base	12	33.80	shrink-width 120x55->80x55	frames=2	max=55	screen=55	taller=0	heights=55,55	widths=80,80	wider=0	diffvsfinal=0,0
base	13	33.73	shrink-width 120x55->80x55	frames=1	max=55	screen=55	taller=0	heights=55	widths=80	wider=0	diffvsfinal=0
base	14	33.73	shrink-width 120x55->80x55	frames=2	max=55	screen=55	taller=0	heights=55,55	widths=80,80	wider=0	diffvsfinal=0,0
base	0	34.16	shrink-height 120x55->120x42	frames=1	max=42	screen=42	taller=0	heights=42	widths=120	wider=0	diffvsfinal=0
base	1	34.16	shrink-height 120x55->120x42	frames=1	max=42	screen=42	taller=0	heights=42	widths=120	wider=0	diffvsfinal=0
base	2	35.35	shrink-height 120x55->120x42	frames=1	max=42	screen=42	taller=0	heights=42	widths=120	wider=0	diffvsfinal=0
base	3	35.35	shrink-height 120x55->120x42	frames=1	max=42	screen=42	taller=0	heights=42	widths=120	wider=0	diffvsfinal=0
base	4	35.32	shrink-height 120x55->120x42	frames=1	max=42	screen=42	taller=0	heights=42	widths=120	wider=0	diffvsfinal=0
base	5	34.89	shrink-height 120x55->120x42	frames=1	max=42	screen=42	taller=0	heights=42	widths=120	wider=0	diffvsfinal=0
base	6	34.89	shrink-height 120x55->120x42	frames=1	max=42	screen=42	taller=0	heights=42	widths=120	wider=0	diffvsfinal=0
base	7	35.30	shrink-height 120x55->120x42	frames=1	max=42	screen=42	taller=0	heights=42	widths=120	wider=0	diffvsfinal=0
base	8	35.60	shrink-height 120x55->120x42	frames=1	max=42	screen=42	taller=0	heights=42	widths=120	wider=0	diffvsfinal=0
base	9	36.67	shrink-height 120x55->120x42	frames=1	max=42	screen=42	taller=0	heights=42	widths=120	wider=0	diffvsfinal=0
base	10	36.54	shrink-height 120x55->120x42	frames=1	max=42	screen=42	taller=0	heights=42	widths=120	wider=0	diffvsfinal=0
base	11	36.65	shrink-height 120x55->120x42	frames=1	max=42	screen=42	taller=0	heights=42	widths=120	wider=0	diffvsfinal=0
base	12	36.52	shrink-height 120x55->120x42	frames=1	max=42	screen=42	taller=0	heights=42	widths=120	wider=0	diffvsfinal=0
base	13	36.52	shrink-height 120x55->120x42	frames=1	max=42	screen=42	taller=0	heights=42	widths=120	wider=0	diffvsfinal=0
base	14	36.52	shrink-height 120x55->120x42	frames=1	max=42	screen=42	taller=0	heights=42	widths=120	wider=0	diffvsfinal=0
base	0	35.84	grow 80x42->120x55	frames=1	max=55	screen=55	taller=0	heights=55	widths=120	wider=0	diffvsfinal=0
base	1	35.21	grow 80x42->120x55	frames=1	max=55	screen=55	taller=0	heights=55	widths=120	wider=0	diffvsfinal=0
base	2	35.21	grow 80x42->120x55	frames=1	max=55	screen=55	taller=0	heights=55	widths=120	wider=0	diffvsfinal=0
base	3	34.55	grow 80x42->120x55	frames=1	max=55	screen=55	taller=0	heights=55	widths=120	wider=0	diffvsfinal=0
base	7	34.74	grow 80x42->120x55	frames=1	max=55	screen=55	taller=0	heights=55	widths=120	wider=0	diffvsfinal=0
base	8	34.44	grow 80x42->120x55	frames=1	max=55	screen=55	taller=0	heights=55	widths=120	wider=0	diffvsfinal=0
base	10	33.84	grow 80x42->120x55	frames=1	max=55	screen=55	taller=0	heights=55	widths=120	wider=0	diffvsfinal=0
base	11	33.84	grow 80x42->120x55	frames=1	max=55	screen=55	taller=0	heights=55	widths=120	wider=0	diffvsfinal=0
base	12	33.22	grow 80x42->120x55	frames=1	max=55	screen=55	taller=0	heights=55	widths=120	wider=0	diffvsfinal=0
base	13	33.22	grow 80x42->120x55	frames=1	max=55	screen=55	taller=0	heights=55	widths=120	wider=0	diffvsfinal=0
base	14	32.64	grow 80x42->120x55	frames=1	max=55	screen=55	taller=0	heights=55	widths=120	wider=0	diffvsfinal=0
