# D10 · one row per run: writers, rep, loadavg, frames, taller-than-screen, typed text kept, caret column before->after, rows that differ, rows on the roll, other rows (the corner), ms to first frame
# commit bdeb5b5d (origin/main-v1 cd2a420b + the screen-model change); 2026-10-01; Linux 7.0.0, 16 cores; sandbox HOME
0	0	36.87	frames=0	taller=0	typed=true	caret=10->10	diffrows=0	onroll=0	other=[]	latency_ms=-1
0	1	34.80	frames=0	taller=0	typed=true	caret=10->10	diffrows=0	onroll=0	other=[]	latency_ms=-1
0	2	32.65	frames=0	taller=0	typed=true	caret=10->10	diffrows=0	onroll=0	other=[]	latency_ms=-1
0	3	32.65	frames=0	taller=0	typed=true	caret=10->10	diffrows=0	onroll=0	other=[]	latency_ms=-1
0	4	30.92	frames=0	taller=0	typed=true	caret=10->10	diffrows=0	onroll=0	other=[]	latency_ms=-1
0	5	29.72	frames=0	taller=0	typed=true	caret=10->10	diffrows=0	onroll=0	other=[]	latency_ms=-1
0	6	28.46	frames=0	taller=0	typed=true	caret=10->10	diffrows=0	onroll=0	other=[]	latency_ms=-1
0	7	28.46	frames=0	taller=0	typed=true	caret=10->10	diffrows=0	onroll=0	other=[]	latency_ms=-1
0	8	26.91	frames=0	taller=0	typed=true	caret=10->10	diffrows=0	onroll=0	other=[]	latency_ms=-1
0	9	25.31	frames=0	taller=0	typed=true	caret=10->10	diffrows=0	onroll=0	other=[]	latency_ms=-1
0	10	25.31	frames=0	taller=0	typed=true	caret=10->10	diffrows=0	onroll=0	other=[]	latency_ms=-1
0	11	24.64	frames=0	taller=0	typed=true	caret=10->10	diffrows=0	onroll=0	other=[]	latency_ms=-1
1	0	23.47	frames=1	taller=0	typed=true	caret=10->10	diffrows=3	onroll=2	other=["50:[◉ fully-signed · verify]->[◉ fully-signed as this opened · verify]"]	latency_ms=51
1	1	22.23	frames=1	taller=0	typed=true	caret=10->10	diffrows=3	onroll=2	other=["50:[◉ fully-signed · verify]->[◉ fully-signed as this opened · verify]"]	latency_ms=24
1	2	22.23	frames=1	taller=0	typed=true	caret=10->10	diffrows=3	onroll=2	other=["50:[◉ fully-signed · verify]->[◉ fully-signed as this opened · verify]"]	latency_ms=76
1	3	21.97	frames=1	taller=0	typed=true	caret=10->10	diffrows=3	onroll=2	other=["50:[◉ fully-signed · verify]->[◉ fully-signed as this opened · verify]"]	latency_ms=51
1	4	21.25	frames=1	taller=0	typed=true	caret=10->10	diffrows=3	onroll=2	other=["50:[◉ fully-signed · verify]->[◉ fully-signed as this opened · verify]"]	latency_ms=101
1	5	20.75	frames=1	taller=0	typed=true	caret=10->10	diffrows=3	onroll=2	other=["50:[◉ fully-signed · verify]->[◉ fully-signed as this opened · verify]"]	latency_ms=0
1	6	20.13	frames=1	taller=0	typed=true	caret=10->10	diffrows=3	onroll=2	other=["50:[◉ fully-signed · verify]->[◉ fully-signed as this opened · verify]"]	latency_ms=75
1	7	20.13	frames=1	taller=0	typed=true	caret=10->10	diffrows=3	onroll=2	other=["50:[◉ fully-signed · verify]->[◉ fully-signed as this opened · verify]"]	latency_ms=28
1	8	19.16	frames=1	taller=0	typed=true	caret=10->10	diffrows=3	onroll=2	other=["50:[◉ fully-signed · verify]->[◉ fully-signed as this opened · verify]"]	latency_ms=75
1	9	18.67	frames=1	taller=0	typed=true	caret=10->10	diffrows=3	onroll=2	other=["50:[◉ fully-signed · verify]->[◉ fully-signed as this opened · verify]"]	latency_ms=101
1	10	19.09	frames=1	taller=0	typed=true	caret=10->10	diffrows=3	onroll=2	other=["50:[◉ fully-signed · verify]->[◉ fully-signed as this opened · verify]"]	latency_ms=60
1	11	19.09	frames=1	taller=0	typed=true	caret=10->10	diffrows=3	onroll=2	other=["50:[◉ fully-signed · verify]->[◉ fully-signed as this opened · verify]"]	latency_ms=26
5	0	18.53	frames=2	taller=0	typed=true	caret=10->10	diffrows=11	onroll=10	other=["50:[◉ fully-signed · verify]->[◉ fully-signed as this opened · verify]"]	latency_ms=0
5	1	17.52	frames=2	taller=0	typed=true	caret=10->10	diffrows=11	onroll=10	other=["50:[◉ fully-signed · verify]->[◉ fully-signed as this opened · verify]"]	latency_ms=0
5	2	16.44	frames=2	taller=0	typed=true	caret=10->10	diffrows=11	onroll=10	other=["50:[◉ fully-signed · verify]->[◉ fully-signed as this opened · verify]"]	latency_ms=0
5	3	16.44	frames=2	taller=0	typed=true	caret=10->10	diffrows=11	onroll=10	other=["50:[◉ fully-signed · verify]->[◉ fully-signed as this opened · verify]"]	latency_ms=0
5	4	16.32	frames=2	taller=0	typed=true	caret=10->10	diffrows=11	onroll=10	other=["50:[◉ fully-signed · verify]->[◉ fully-signed as this opened · verify]"]	latency_ms=0
5	5	15.26	frames=2	taller=0	typed=true	caret=10->10	diffrows=11	onroll=10	other=["50:[◉ fully-signed · verify]->[◉ fully-signed as this opened · verify]"]	latency_ms=0
5	6	14.35	frames=2	taller=0	typed=true	caret=10->10	diffrows=11	onroll=10	other=["50:[◉ fully-signed · verify]->[◉ fully-signed as this opened · verify]"]	latency_ms=0
5	7	14.35	frames=2	taller=0	typed=true	caret=10->10	diffrows=11	onroll=10	other=["50:[◉ fully-signed · verify]->[◉ fully-signed as this opened · verify]"]	latency_ms=0
5	8	13.45	frames=2	taller=0	typed=true	caret=10->10	diffrows=11	onroll=10	other=["50:[◉ fully-signed · verify]->[◉ fully-signed as this opened · verify]"]	latency_ms=0
5	9	13.17	frames=1	taller=0	typed=true	caret=10->10	diffrows=11	onroll=10	other=["50:[◉ fully-signed · verify]->[◉ fully-signed as this opened · verify]"]	latency_ms=50
5	10	12.51	frames=1	taller=0	typed=true	caret=10->10	diffrows=11	onroll=10	other=["50:[◉ fully-signed · verify]->[◉ fully-signed as this opened · verify]"]	latency_ms=75
5	11	12.51	frames=2	taller=0	typed=true	caret=10->10	diffrows=11	onroll=10	other=["50:[◉ fully-signed · verify]->[◉ fully-signed as this opened · verify]"]	latency_ms=0
