# one row per run: arm, delay_ms (-1 = one Ctrl-D), rep, loadavg, gave the screen back, ^D count after it, exit code; controls: c1 non-canonical (must see ^D), c2 cooked
# commit bdeb5b5d (origin/main-v1 cd2a420b + the screen-model change); 2026-10-01; Linux 7.0.0, 16 cores; sandbox HOME
console	-1	0	32.05	gaveback=true	echo=0	code=0
console	-1	1	32.13	gaveback=true	echo=0	code=0
console	-1	2	32.13	gaveback=true	echo=0	code=0
console	-1	3	32.20	gaveback=true	echo=0	code=0
console	-1	4	32.20	gaveback=true	echo=0	code=0
console	-1	5	32.20	gaveback=true	echo=0	code=0
console	-1	6	32.67	gaveback=true	echo=0	code=0
console	-1	7	32.67	gaveback=true	echo=0	code=0
console	-1	8	32.69	gaveback=true	echo=0	code=0
console	-1	9	32.69	gaveback=true	echo=0	code=0
console	-1	10	33.04	gaveback=true	echo=0	code=0
console	-1	11	33.04	gaveback=true	echo=0	code=0
console	-1	12	33.27	gaveback=true	echo=0	code=0
console	-1	13	33.27	gaveback=true	echo=0	code=0
console	-1	14	33.41	gaveback=true	echo=0	code=0
console	-1	15	33.41	gaveback=true	echo=0	code=0
console	-1	16	34.02	gaveback=true	echo=0	code=0
console	-1	17	34.02	gaveback=true	echo=0	code=0
console	-1	18	33.94	gaveback=true	echo=0	code=0
console	-1	19	33.94	gaveback=true	echo=0	code=0
console	0	0	33.94	gaveback=true	echo=0	code=0
console	0	1	33.94	gaveback=true	echo=0	code=0
console	0	2	33.94	gaveback=true	echo=0	code=0
console	0	3	34.11	gaveback=true	echo=0	code=0
console	0	4	34.11	gaveback=true	echo=0	code=0
console	0	5	34.98	gaveback=true	echo=0	code=0
console	0	6	34.98	gaveback=true	echo=0	code=0
console	0	7	34.42	gaveback=true	echo=0	code=0
console	0	8	34.42	gaveback=true	echo=0	code=0
console	0	9	34.15	gaveback=true	echo=0	code=0
console	0	10	34.15	gaveback=true	echo=0	code=0
console	0	11	34.06	gaveback=true	echo=0	code=0
console	0	12	34.61	gaveback=true	echo=0	code=0
console	0	13	34.61	gaveback=true	echo=0	code=0
console	0	14	34.72	gaveback=true	echo=0	code=0
console	0	15	34.72	gaveback=true	echo=0	code=0
console	0	16	34.58	gaveback=true	echo=0	code=0
console	0	17	34.58	gaveback=true	echo=0	code=0
console	0	18	34.78	gaveback=true	echo=0	code=0
console	0	19	34.78	gaveback=true	echo=0	code=0
console	10	0	34.64	gaveback=true	echo=0	code=0
console	10	1	34.64	gaveback=true	echo=0	code=0
console	10	2	34.50	gaveback=true	echo=0	code=0
console	10	3	34.50	gaveback=true	echo=0	code=0
console	10	4	34.79	gaveback=true	echo=0	code=0
console	10	5	34.79	gaveback=true	echo=0	code=0
console	10	6	34.79	gaveback=true	echo=0	code=0
console	10	7	34.56	gaveback=true	echo=0	code=0
console	10	8	36.36	gaveback=true	echo=0	code=0
console	10	9	36.36	gaveback=true	echo=0	code=0
console	10	10	36.01	gaveback=true	echo=0	code=0
console	10	11	36.01	gaveback=true	echo=0	code=0
console	10	12	36.49	gaveback=true	echo=0	code=0
console	10	13	36.53	gaveback=true	echo=0	code=0
console	10	14	36.53	gaveback=true	echo=0	code=0
console	10	15	36.25	gaveback=true	echo=0	code=0
console	10	16	36.25	gaveback=true	echo=0	code=0
console	10	17	36.25	gaveback=true	echo=0	code=0
console	10	18	35.91	gaveback=true	echo=0	code=0
console	10	19	36.64	gaveback=true	echo=0	code=0
console	40	0	36.64	gaveback=true	echo=0	code=0
console	40	1	36.10	gaveback=true	echo=0	code=0
console	40	2	36.10	gaveback=true	echo=0	code=0
console	40	3	36.34	gaveback=true	echo=0	code=0
console	40	4	36.39	gaveback=true	echo=0	code=0
console	40	5	36.39	gaveback=true	echo=0	code=0
console	40	6	37.08	gaveback=true	echo=0	code=0
console	40	7	37.08	gaveback=true	echo=0	code=0
console	40	8	36.51	gaveback=true	echo=0	code=0
console	40	9	36.51	gaveback=true	echo=0	code=0
console	40	10	36.55	gaveback=true	echo=0	code=0
console	40	11	36.55	gaveback=true	echo=0	code=0
console	40	12	36.51	gaveback=true	echo=0	code=0
console	40	13	36.51	gaveback=true	echo=0	code=0
console	40	14	36.95	gaveback=true	echo=0	code=0
console	40	15	36.95	gaveback=true	echo=0	code=0
console	40	16	36.87	gaveback=true	echo=0	code=0
console	40	17	36.87	gaveback=true	echo=0	code=0
console	40	18	36.87	gaveback=true	echo=0	code=0
console	40	19	36.87	gaveback=true	echo=0	code=0
console	120	0	34.80	gaveback=true	echo=0	code=0
console	120	1	34.80	gaveback=true	echo=0	code=0
console	120	2	34.80	gaveback=true	echo=0	code=0
console	120	3	34.80	gaveback=true	echo=0	code=0
console	120	4	34.80	gaveback=true	echo=0	code=0
console	120	5	32.65	gaveback=true	echo=0	code=0
console	120	6	32.65	gaveback=true	echo=0	code=0
console	120	7	32.65	gaveback=true	echo=0	code=0
console	120	8	32.65	gaveback=true	echo=0	code=0
console	120	9	30.92	gaveback=true	echo=0	code=0
console	120	10	30.92	gaveback=true	echo=0	code=0
console	120	11	30.92	gaveback=true	echo=0	code=0
console	120	12	30.92	gaveback=true	echo=0	code=0
console	120	13	30.92	gaveback=true	echo=0	code=0
console	120	14	29.72	gaveback=true	echo=0	code=0
console	120	15	29.72	gaveback=true	echo=0	code=0
console	120	16	29.72	gaveback=true	echo=0	code=0
console	120	17	29.72	gaveback=true	echo=0	code=0
console	120	18	29.72	gaveback=true	echo=0	code=0
console	120	19	28.46	gaveback=true	echo=0	code=0
control	-	0	28.46	c1_noncanonical=1	c2_cooked=0
control	-	1	26.91	c1_noncanonical=1	c2_cooked=0
control	-	2	25.31	c1_noncanonical=1	c2_cooked=0
control	-	3	24.64	c1_noncanonical=1	c2_cooked=0
control	-	4	23.47	c1_noncanonical=1	c2_cooked=0
